{
    "train_loss": [
        0.5441650866752579,
        0.1908393099815363,
        0.11223601580353543,
        0.09541416339842336,
        0.05691549445480286,
        0.055743287112757875,
        0.04583657457149543,
        0.04464224301426882,
        0.05819015385017597,
        0.012502569809813784,
        0.01985206224559252,
        0.015146084847774112,
        0.0037139614701941137,
        0.017039547972200083,
        0.00530185819412249,
        0.0034396469991666632,
        0.0017960789570419626,
        0.01955862202092768,
        0.009052553133612189,
        0.006926192202938962
    ],
    "train_acc": [
        76.89100655151876,
        93.9249553305539,
        96.96247766527695,
        97.20071471113758,
        98.03454437164979,
        98.39189994044074,
        98.51101846337106,
        98.80881477069684,
        98.63013698630137,
        99.64264443120905,
        99.2852888624181,
        99.70220369267422,
        99.82132221560452,
        99.5830851697439,
        99.88088147706968,
        99.88088147706968,
        100.0,
        99.34484812388327,
        99.64264443120905,
        99.76176295413937
    ],
    "val_loss": [
        0.1722530239028856,
        0.21814512805140113,
        0.1770104212424485,
        0.14920037903551323,
        0.10845249469093687,
        0.15325740842575516,
        0.2288885947622011,
        0.19819816384192562,
        0.1593078568044196,
        0.2596509123414459,
        0.17073925319136835,
        0.18495019379015504,
        0.2171761700986129,
        0.11628069704027742,
        0.21909031443409407,
        0.2244456562856257,
        0.2481962939594506,
        0.268451729932796,
        0.2866770587479228,
        0.21971321868084578
    ],
    "val_acc": [
        94.57202505219206,
        93.31941544885177,
        96.03340292275574,
        96.65970772442589,
        97.7035490605428,
        95.4070981210856,
        96.86847599164926,
        96.86847599164926,
        96.86847599164926,
        95.82463465553236,
        97.07724425887265,
        97.49478079331942,
        97.28601252609603,
        98.53862212943632,
        97.28601252609603,
        97.07724425887265,
        97.28601252609603,
        96.65970772442589,
        96.45093945720251,
        97.28601252609603
    ],
    "learning_rates": [
        0.0001,
        0.0001,
        0.0001,
        0.0001,
        0.0001,
        0.0001,
        0.0001,
        0.0001,
        0.0001,
        0.0001,
        5e-05,
        5e-05,
        5e-05,
        5e-05,
        5e-05,
        5e-05,
        5e-05,
        5e-05,
        5e-05,
        5e-05
    ],
    "test_acc": 97.53086419753086,
    "best_epoch": 14
}